{
  "employees": [
    {
      "id": "100",
      "name": "Ajay",
      "task": "new project",
      "deadline": "2021-03-01"
    },
    {
      "id": "102",
      "name": "Rick",
      "task": "Developing and directing software system validation and testing methods.",
      "deadline": "2021-04-06"
    },
    {
      "id": "103",
      "name": "Jack",
      "task": "Working closely with clients and cross-functional departments to communicate project statuses and proposals.",
      "deadline": "2021-04-10"
    },
    {
      "id": "104",
      "name": "Ramesh",
      "task": "Overseeing the development of documentation.",
      "deadline": "2021-04-05"
    },
    {
      "id": "105",
      "name": "Jill",
      "task": "Login Page Error Correction",
      "deadline": "2021-04-15"
    },
    {
      "id": "106",
      "name": "Jill",
      "task": "Login Page Error Correction",
      "deadline": "2021-04-15"
    },
    {
      "id": "107",
      "name": "Joseph",
      "task": "Documentation",
      "deadline": "2021-04-09"
    },
    {
      "id": "108",
      "name": "Harish",
      "task": "Testing",
      "deadline": "2021-04-03"
    }
  ]
}